label:en,gender,label:de,label:el,Nom Sg,Gen Sg,Dat Sg,Akk Sg,Voc Sg,Nom Pl,Gen Pl,Dat Pl,Akk Pl,Voc Pl,source
dishonourer,m ,Unehrer,αατηρ,,αατηρος,,,,,,,,,Bauer/LSJ
a man of Abdera in Thrace ,m ,ein Mann aus Abdera in Thrakien,Αβδηριτης,,αβδηριτου,,,,,,,,,Bauer/LSJ
wailing womanishly,,weinte weiblich,αβρογοος,,αβρογοον,,,,,,,,,Bauer/LSJ
consisting of delicate maidens,,besthend aus zarten Jungfrauen,αβροπαρθενοι,,,,,,,,,,,Bauer/LSJ
a woman's garment,n,Kleidungsstück einer Frau,αβρωμα,,,,,,,,,,,Bauer/LSJ
unmarried,f,Unverheiratete,αγαμος,,αγαμου,,,,,,,,,Bauer/LSJ
for not marrying,,weil ich nicht geheiratet habe, αγαμιου δικη,,,,,,,,,,,Bauer/LSJ
"numarried, single",,"unverheiratet, single",αγαμος,,αγαμον,,,,,,,,,Bauer/LSJ
love,f,Liebe,αγαπη,,,,,,,,,,,Bauer/LSJ
darling,n,Schatz,αγαπημα,,,,,,,,,,,Bauer/LSJ
loving manliness,m ,liebevolle Männlichkeit,αγαπηνωρ,,αγαπηνορος,,,,,,,,,Bauer/LSJ
from the same womb,,aus derselben Gebärmutter,αγαστωρ,,αγαστορος,,,,,,,,,Bauer/LSJ
angel,m,"Bote, Abgesandter, Engel",αγγελος,,αγγελου,,,,,,,,,Bauer/LSJ
"beardless, boyish",m ,"bartlos, jungenhaft",αγενειος,,,,,,,,,,,Bauer/LSJ
"manliness, courage, of men",f,Männlichkeit,αγηνορια,,,,,,,,,,,Bauer/LSJ
"manly, heroic",m ,"männlich heroisch, ",αγηνωρ,,,,,,,,,,,Bauer/LSJ
female purfier,f,weiblicher Reiniger,αγνευτρια,,,,,,,,,,,Bauer/LSJ
"unborn, unfruitful, childless",,"ungeboren, unfruchbar, kinderlos",αγονος,,,,,,,,,,,Bauer/LSJ
wifeless,m ,ohne Frau,αγυναιξ,,,,,,,,,,,Bauer/LSJ
near marriage,,kurz vor der Ehe,αγχιγαμος,,,,,,,,,,,Bauer/LSJ
"combatant, master in any art or science",m ,"Kämpferin, Kämpfer",αγωνιστης,,αγωνιστου,,,,,,,,,Bauer/LSJ
sister,f,Schwester,αδελφη,,,,,,,,,,,Bauer/LSJ
nephew,m ,Neffe,αδελφιδεος,,αδελφιδεους,,,,,,,,,Bauer/LSJ
niece,f,Nichte,αδελφιδη,,,,,,,,,,,Bauer/LSJ
"brotherly, sisterly",m/f,"brüderlich, schwesterlich",αδελφικος,,αδελφικον,,,,,,,,,Bauer/LSJ
brotherhood,m,Bruderschaft,αδελφιξις,,,,,,,,,,,Bauer/LSJ
bestowing brothers,m,schenkender Bruder,αδελφοδοτης,,αδελφοδοτου,,,,,,,,,Bauer/LSJ
murdering a brother or sister,,einen Bruder/ eine Schwester ermorden,αδελφοκτονος,,αδελφκτονον,,,,,,,,,Bauer/LSJ
murder of a brother or sister,m,Mörder eines Bruders/einer Schwester,αδελφοκτονια,,,,,,,,,,,Bauer/LSJ
marriage of brother and sister,,Heirat eines Bruders und einer Schwester,αδελφομιξια,,,,,,,,,,,Bauer/LSJ
brother's or sisters's child,m/f,Bruder7Schwester Kind,αδελφοπαις,,αδελφοπαιδος,,,,,,,,,Bauer/LSJ
adopting as a brother,,als Bruder adoptieren,αδελφοποιος,,,,,,,,,,,Bauer/LSJ
as befits a brother,m,wie es sich für einen Bruder gehört,αδελφοπρεπως,,,,,,,,,,,Bauer/LSJ
"son of the same mother, brother",m,Bruder,αδελφος,,,,,,,,,,,Bauer/LSJ
brotherhood,m,Bruderschaft,αδελφοτος,,αδελφητος,,,,,,,,,Bauer/LSJ
ever a virgin,f,immer Jungrfau,αειπαρθενος,,,,,,,,,,,Bauer/LSJ
unlawful marriage,f,unrechtmäßige Ehe ,αθεμιτογαμια,,,,,,,,,,,Bauer/LSJ
not womanish,m,nicht weibisch,αθηλυντος,,,,,,,,,,,Bauer/LSJ
"untouched, chaste, virging",m/f,"unberührt, keusch, jungfräulich",αθικτος,,,,,,,,,,,Bauer/LSJ
wedding-gifts,n,Hochzeitsgeschenke,αθρηματα,,,,,,,,,,,Bauer/LSJ
goatherd,m,"Ziegenhirte, Ziegenhirtin",αιγελατης,,,,,,,,,,,Bauer/LSJ
warden of the shore,m,Wächter des Ufers,αιγιαλοφυλαξ,,,,,,,,,,,Bauer/LSJ
goatherd,m,"Ziegenhirte, Ziegenhirtin",αγινομεσυς,,αγινομεως,,,,,,,,,Bauer/LSJ
goatherd,m,"Ziegenhirte, Ziegenhirtin",αγιοβοσκος,,αγιοβοσκου,,,,,,,,,Bauer/LSJ
"goatsucker, nightjar",m,"Ziegenfresser, Ziegnemelker",αγιοθηλας,,,,,,,,,,,Bauer/LSJ
Ethiopian,m,Äthiopier,Αιθιοψ,Αιθιοψ,Αιθιοπος,Αιθιοπι,Αιθιοπον,,Αιθιοπες,Αιθιοπων,Αιθιοποσιν,Αιθιοπος,,Bauer/LSJ
one who speaks riddles,m,"einer, der Rätsel spricht",αινιγυατιστης,,,,,,,,,,,Bauer/LSJ
one who speaks darkly,m,"einer, der dunkel sprcht",αινικτηρ,,,,,,,,,,,Bauer/LSJ
fatally wedded,,tötlich verheiratet,αινογαμος,,,,,,,,,,,Bauer/LSJ
terrible giant,m,schrecklicher Riese,αινογιγας,,,,,,,,,,,Bauer/LSJ
child of praise,,Kind des Lobes,αινογονος,,,,,,,,,,,Bauer/LSJ
fatally wedded,,tötlich verheiratet,αινολεκτρος,,,,,,,,,,,Bauer/LSJ
unhappy father,m,unglücklicher Vater,αινοπατηρ,,αινοπατερος,,,,,,,,,Bauer/LSJ
unhappy in being a mother,f,"unglücklich darüber, Mutter zu sein",αινοτοκεια,,,,,,,,,,,Bauer/LSJ
unhappy in being a parent,n,"unglücklich darüber, Eltern zu sein",αινοτοκος,,,,,,,,,,,Bauer/LSJ
sempstress,f,Näherin,ακεστρια,,,,,,,,,,,Bauer/LSJ
healer,m,Heiler,ακεστηρ,,ακεστηρος,,,,,,,,,Bauer/LSJ
midwife,f,Hebamme,ακεστρις,,ακεστριδος,,,,,,,,,Bauer/LSJ
"healer, savior",m,"Heiler, Retter",ακεστωρ,,ακεστορος,,,,,,,,,Bauer/LSJ
"undefiled, pure, a virgin",,"unbefleckt, pur, Jungfrau",ακηρατος,,ακηρατον,,,,,,,,,Bauer/LSJ
"bedfellow, husband, wife",m/f,"Bettgefährte, Ehemann, Ehefrau",ακοιτης,,ακοιτου,,,,,,,,,Bauer/LSJ
"childless, without male heir",m,"kinderlos, ohne mönnlichen Erben",ακουρος,,ακουρον,,,,,,,,,Bauer/LSJ
"foreskin, uncircumcision",m,"Vorhaut, Unbeschnittenheit, Heidenschaft der Unbeschnittenheit",ακροβυστια,,ακροβυστιας,,,,,,,,,Bauer/LSJ
uncircumcised,m,Unbeschnittener,ακρουστος,,ακροβυστου,,,,,,,,,Bauer/LSJ
defending men,m,verteidigende Männer,αλεξανδρος,,,,,,,,,,,Bauer/LSJ
aiding man,m,helfender Mann,αλεξηνωρ,,αλεξηνορος,,,,,,,,,Bauer/LSJ
shunning marriage,,die Ehe meiden,αλεξιγαμος,,,,,,,,,,,Bauer/LSJ
man's upper garment,m,Obergewand des Mannes,αλλιξ,,αλλικος,,,,,,,,,Bauer/LSJ
dealer in salt,m,Händler für Salz,αλοπωλης,,αλοπωλου,,,,,,,,,Bauer/LSJ
"partner of one's bed, wife, leman, concubine, unwedded",f,"Partner/in für das eigene Bett, Ehefrau, Konkubine, unverheiratet",αλοχος,,aloxou,,,,,,,,,Bauer/LSJ
barley-miller,m,Gerstenmüller,αλφιτευς,,αλφιτεως,,,,,,,,,Bauer/LSJ
contractor for salt-works,m,Auftragnehmer für Salinen,αλωνης,,αλωνου,,,,,,,,,Bauer/LSJ
wagoner,m,Fuhrmann,αμαξευς,,αμαξεως,,,,,,,,,Bauer/LSJ
wagoner,m,Fuhrmann,αμαξηλατης,,αμαξηλατου,,,,,,,,,Bauer/LSJ
digger of trenches,m,Gräber von Graben,αμαρησκαπτηρ,,αμαρησκαπτηρος,,,,,,,,,Bauer/LSJ
failing of marriage,,Scheitern der Ehe,αμαρτιγαμος,,αμαρτιγαμον,,,,,,,,,Bauer/LSJ
abortion,n,Abtreibung,αμβλωμα,,aαμβλωματος,,,,,,,,,Bauer/LSJ
abortion,,Abtreibung,αμβλωσις,,αμβλωσεως,,,,,,,,,Bauer/LSJ
robbing of wedlock,n,Raub der Ehe,αμερσιγαμος,,αμερσιγαμον,,,,,,,,,Bauer/LSJ
reaper,m,Sensemann,αμητηρ,,αμητηρος,,,,,,,,,Bauer/LSJ
reaper,m,Sensemann,αμητης,,,,,,,,,,,Bauer/LSJ
motherless,f,mutterlos,αμητωρ,,αμητορος,,,,,,,,,Bauer/LSJ
mother,f,Mutter,αμμα,,,,,,,,,,,Bauer/LSJ
"Mutter, Krankenschwester",f,"Mutter, Krankenschwester",αμμια,,,,,,,,,,,Bauer/LSJ
"woman's diadem, frontlet",m,"Frauendiadem, Vorderteil",αμπυξ,,αμπυκος,,,,,,,,,Bauer/LSJ
fisherman,m,Fischer,αμφιβολευς,,αμφιβολεως,,,,,,,,,Bauer/LSJ
brothers or sisters by different mothers but the same father,m/f,Brüder oder Schwestern mit verschiedenen Müttern aber dem gleichen Vater,αμφιμητορες,,,,,,,,,,,Bauer/LSJ
round the womb,,rund um die Gebärmutter,αμφιμητριος,,,,,,,,,,,Bauer/LSJ
brothers or sisters by different fathers but the same mother,m/f,Brüder oder Schwestern mit verschiedenen Vätern aber der gleichen Mutter,αμφιπατορες,,,,,,,,,,,Bauer/LSJ
groom who helps one to mount,m,"Bräutigam, der einem beim Aufsteigen hilft",αναβολευς,,αναβολεως,,,,,,,,,Bauer/LSJ
"reader, slave trained to read",m,"Leser, Sklave, der lesen trainiert",αναγνωστης,,αναγνωστου,,,,,,,,,Bauer/LSJ
band for women's hair,f,Band für Damenhaare,αναδεσμη,,,,,,,,,,,Bauer/LSJ
foster-child,,Pflegekind,αναθρεπτος,,,,,,,,,,,Bauer/LSJ
deliverer,m,Zusteller,αναλυτηρ,,αναλυτηρος,,,,,,,,,Bauer/LSJ
"spender, waster",m,Verschwender,αναλωτης,,αναλωτου,,,,,,,,,Bauer/LSJ
want of manhood,,Mangel an Männlichkeit,ανανδρια,,,,,,,,,,,Bauer/LSJ
"husbandless, wanting in manhood",n,"ohne Ehemann, in der Männlichkeit wollen",ανανδρος,,,,,,,,,,,Bauer/LSJ
restorer,m,Restaurator,ανανεωτηρ,,ανανεωτου,,,,,,,,,Bauer/LSJ
restoration of virginity,f,Wiederherstellung der Jungfräulichkeit,αναπαρθενευσις,,αναπαρθενευσσεως,,,,,,,,,Bauer/LSJ
"queen, lady",f,"Königin, Frau",ανασσα,,,,,,,,,,,Bauer/LSJ
destroyer,m,Zerstörer,αναστατηρ,,αναστατηρος,,,,,,,,,Bauer/LSJ
lewd woman,f,unzüchtige Frau,ανασυρτολις,,ανασυρτολεως,,,,,,,,,Bauer/LSJ
assessors,m,Gutachter,ανατακται,,,,,,,,,,,Bauer/LSJ
"overturner, destroyer",m,"Umsetzer, Zerstörer",ανατροπευς,,ανατροπεως,,,,,,,,,Bauer/LSJ
masturbation,,Masturbation,αναφλασμος,,,,,,,,,,,Bauer/LSJ
refresher,m ,Erfrischer,αναψυκτηρ,,αναψυκτηρος,,,,,,,,,Bauer/LSJ
gladiator,m,Gladiator,ανδαβατης,,ανδαβατου,,,,,,,,,Bauer/LSJ
workman employed on dikes,m,"Arbeiter, der auf Deichen arbeitet",ανδηρευτης,,ανδρευτου,,,,,,,,,Bauer/LSJ
officer in charge of,m,verantwortlicher Beamter,ανδοκιαρχης,,ανδοκιαρχου,,,,,,,,,Bauer/LSJ
befitting a good man,m,wie es sich für einen guten Mann gehört,ανδραγαθικος,,,,,,,,,,,Bauer/LSJ
throttler of men: executioner,m,"Menschenwürger, Henker",ανδραγχος,,,,,,,,,,,Bauer/LSJ
"husband's brother, brother in law",m,"Bruder des Mannes, Schwager",ανδραδελφος,,,,,,,,,,,Bauer/LSJ
man by man,,Mann für Mann,ανδρακας,,,,,,,,,,,Bauer/LSJ
a man's portion,m,Männerportion,ανδρακας,,ανδρακαδος,,,,,,,,,Bauer/LSJ
slave-dealer or kidnapper,m,Sklavenhändler oder Kidnapper,ανδραποδιστης,,ανδραποδιστου,,,,,,,,,Bauer/LSJ
slave-dealer,m,Sklavenhändler,ανδραποδοκαπηλος,,,,,,,,,,,Bauer/LSJ
slave-stealer,m,Sklavendieb,ανδραποδοκλεπτης,,ανδραποδοκλεπτου,,,,,,,,,Bauer/LSJ
slave-dealer,m,Sklavenhändler,ανδραποδωνης,,ανδραποδωνου,,,,,,,,,Bauer/LSJ
"manikin, pitful fellow",,"Männchen, erbärmlicher Kerl",ανδραριον,,,,,,,,,,,Bauer/LSJ
"loading a man, as much as a man can carry",,"einen Mann beladen, so viel wie ein Mann tragen kann",ανδραχθης,,,,,,,,,,,Bauer/LSJ
image of a man ,n,Bild eines Mannes,ανδρεικελον,,,,,,,,,,,Bauer/LSJ
like a man,,wie ein Mann,ανδρεικελος,,,,,,,,,,,Bauer/LSJ
of or for a man ,,"von oder für einen Mann, männlich",ανδρειος,,,,,,,,,,,Bauer/LSJ
manly effort,,männliche Anstrengung,ανδρειωμα,,,,,,,,,,,Bauer/LSJ
woman that is found of men,f,"Frau, die Männer mag",ανδρερατρια,,,,,,,,,,,Bauer/LSJ
modeller of statues,m,Moldellierer von Statuen,ανδριαντοπλαστης,,ανδριαντοπλαστου,,,,,,,,,Bauer/LSJ
"masculine, manly",m,"maskulin, männlich",ανδρικος,,,,,,,,,,,Bauer/LSJ
manikin,n,Männcgen,ανδριον,,,,,,,,,,,Bauer/LSJ
woman,f,Frau,ανδρις,,ανδριδος,,,,,,,,,Bauer/LSJ
murderer,m,Mörder,ανθρωποκτονος,,ανθρωοπκτονου,,,,,,,,,Bauer/LSJ
"litigant, enemy",m,"Prozessgegner, Feind, Widersacher",αντιδικος,,αντιδικου,,,,,,,,,Bauer/LSJ
jealous,m,Neider,αντιζηλος,,αντιζηλου,,,,,,,,,Bauer/LSJ
antichrist,m,Antichrist,αντιχριστος,,αντιχριστου,,,,,,,,,Bauer/LSJ
apostates,f,Abtrünnige,αποστατης,,,,,,,,,,,Bauer/LSJ
leader,m,"Führer, Herrscher, Fürst, Anfänger, Begründer, Urheber",αρχηγος,,αρχηγου,,,,,,,,,Bauer/LSJ
high priest,m,Hohepriester,αρχιερευς,σαρχιερευς,αρχιερεως,αρχιερει,σαρχιερεα,αρχιερευ,αρχιερεις,σαρχιερεων,σαρχιερευσιν,αρχιερεας,,Bauer/LSJ
chief shepherd,m,Oberhirte,αρχιποιμην,αρχιποιμην,αρχιποιμενος,αρχιποιμενι,αρχιποιμενον,,αρχιποιμενες,σαρχιποιμενων,σαρχιποιμενοσιν,αρχιποιμεσος,,Bauer/LSJ
synagogue leader,m,Synagogenleiter,αρχισυναγωγος,,αρχισυναγωγου,,,,,,,,,Bauer/LSJ
builder,m,Baumeister,αρχιτεκτων,σαρχιτεκτων,αρχιτεκτονος,αρχιτεκτονι,αρχιτεκτονον,,αρχιτεκτονες,σαρχιτεκτονων,σαρχιτεκτονοσιν,αρχιτεκτονος,,Bauer/LSJ
chief customs officer,m,Oberzöllner,αρχιτελωνης,,αρχιτελωνου,,,,,,,,,Bauer/LSJ
fixed folder,m,Festordner,αρχιτρικλινος,,αρχιτρικλινου,,,,,,,,,Bauer/LSJ
"ruler, mister",m,"Herrscher, Herr, Fürst",αρχων,σαρχων,αρχοντος,αρχοντι,αρχοντον,,αρχοντες,σαρχοντων,σαρχονοσιν,αρχονος,,Bauer/LSJ
flute player,m,"Flötenspieler, Schalmeienbläser",αυλητης,,αυλητου,,,,,,,,,Bauer/LSJ
flute player,f,"Flötenspielerin, Schalmeienbläserin",αυλητρις,αυλητρις,αυλητριδος,αυλητριδι,αυλητριδον,,αυλητριδες,αυλητροδων,αυλητροδοσιν,αυλητροδος,,Bauer/LSJ
baptist,m,Täufer,βαπτιστης,,βαπτιστου,,,,,,,,,Bauer/LSJ
torturer,m,Folterknecht,βασανιστης,,βασανιστου,,,,,,,,,Bauer/LSJ
king,m,König,βασιλευς,βασιλευς,βασιλεως,βασιλει,βασιλεα,βασιλευ,βασιλεις,βασιλεων,βασιλευσιν,βασιλεας,,Bauer/LSJ
queen,f,Königin,βασιλισσα,βασιλισσα,βασιλισσης,βασιλισση,βασιλισσην,βασιλισσα,βασιλισσαι,βασιλισσων,βασιλισσαις,βασιλισσασ,,Bauer/LSJ
galatians,m,Galater,Γαλατης,,Γαλατου,,,,,,,,,Bauer/LSJ
wife,f,Ehefrau,γαμετη,,γαμετης,,,,,,,,,Bauer/LSJ
neighbor,m,Nachbar,γειτων,γειτων,γειτονος,γειτονι,γειτονον,,γειτονες,γειτονων,γειτονασιν,γειτονας,,Bauer/LSJ
neoghbor,f,Nachbarin,γειτων,γειτων,γειτονος,γειτονι,γειτονον,,γειτονες,γειτονων,γειτονασιν,γειτονας,,Bauer/LSJ
"generation, gender",n,"Geschlecht, Generation, Zeitalter",γενεα,,γενεας,,,,,,,,,Bauer/LSJ
birth,n,Geburt,γενετη,,γενετης,,,,,,,,,Bauer/LSJ
"gender, offspring, nation",n,"Geschlecht, Nachkommenschaft, Nation",γενος,γενοσ,γενους,γενει,γενος,,γενη,γενων,γενεσι,γενη,,Bauer/LSJ
advice of the ancients,f,Rat der Alten,γερουσια,,γερουσιας,,,,,,,,,Bauer/LSJ
"wizard, juggler",m,"Zauberer, Gaukler",γοης,γοης,γοητος,γοητονι,γοητον,,γοητεσ,γοητων,γοητοσιν,γοητασ,,Bauer/LSJ
parents,f,Eltern,γονευς,,,,,,,,,,,Bauer/LSJ
scribe,m,Schriftgelehrter,γραμματέυς,γραμματέυς,γραμματέως,γραμματει,γραμματέα,γραμματευ,γραμματεις,γραμματέων,γραμματευσι(ν),γραμματέας,γραμματεις,Bauer/LSJ
wife,f,Ehefrau,γυνή,γυνή,γυναικός,γυναικί,γυναίκα,γύναι,γυναικες,γυναικων,γυναιξί,γυναικας,γυναικες,Bauer/LSJ
female,f,Frau,γυνή,γυνή,γυναικός,γυναικί,γυναικα,γύναι,γυναικες,γυναικων,γυναιξί,γυναικας,γυναικες,Bauer/LSJ
woman,f,Frau,γυνή,γυνή,γυναικός,γυναικί,γυναίκα,γύναι,γυναικες,γυναικων,γυναιξί,γυναικας,γυναικες,Bauer/LSJ
female/wife,f,Weib,γυνή,γυνή,γυναικός,γυναικί,γυναικα,γύναι,γυναικες,γυναικων,γυναιξί,γυναικας,γυναικες,Bauer/LSJ
female,f,Weibchen,γυναικαριον,,,,,,,,,,,Bauer/LSJ
more lightly armed,m,Leichtbewaffneter,δεξιολαβος,,δεξιολαβου,,,,,,,,,Bauer/LSJ
prisoner,m ,Gefangener,δεσμιος,,δεσμιου,,,,,,,,,Bauer/LSJ
prison guard,m,Gefängniswärter,δεσμωτηριον,,δεσμωτηριου,,,,,,,,,Bauer/LSJ
"lord, owner",m,"Gebieter, Herr, Besitzer",δεσποτης,,δεποτου,,,,,,,,,Bauer/LSJ
mistress,f,Herrin,δεσποτις,δεσποτις,δεσποτιδος,δεσποτιδι,δεσποτιδα,,δεσποτιδεσ,δεσποτιδων,δεσποδσιν,δεσποτιδασ,,Bauer/LSJ
"handyman, artist, creator",m,"Handwerker, Bildner, Schöpfer",δημιουργος,,δημιουργου,,,,,,,,,Bauer/LSJ
diaconal,f,Diakonin,διάκονη,διάκονη,διάκονης,διάκονη,διάκονην,διάκονη,διάκοναι,διάκονων,διάκοναις,διάκονας,διάκοναι,Bauer/LSJ
deacon,m,Diakon,διάκονος,διάκονος,διάκονου,διάκονω,διάκονον,διάκονε,διάκονοι,διάκονων,διάκονοις,διάκονους,διάκονοι,Bauer/LSJ
successor,m,Nachfolger,διαδοχος,,διαδοχου,,,,,,,,,Bauer/LSJ
second marriage,?,zweite Ehe,διγαμια,διγαμια,διγαμιας,,,,,,,,,Bauer/LSJ
married for the second time,?,zum zweiten Mal verheiratet,διγαμος,,,,,,,,,,,Bauer/LSJ
"boom, explainer, translator",m,"Ausleger, Erklärer, Übersetzer",διερμηνευτης,,διερμηνευτου,,,,,,,,,Bauer/LSJ
cockerel,m,"Streitsüchtiger, Zänker",διχοστατης,,διχοστατου,,,,,,,,,Bauer/LSJ
slave ,f,Sklavin,δούλη,δούλη,δούλης,δούλη,δούλην,δούλη,δούλαι,δούλων,δούλαις,δούλας,δούλαι,Bauer/LSJ
slave,m,Sklave,δοῦλος,δοῦλος,δοῦλου,δοῦλω,δοῦλον,δοῦλε,δοῦλοι,δοῦλων,δοῦλοις,δοῦλους,δοῦλοι,Bauer/LSJ
instructor,m,Lehrer,δῐδᾰ́σκᾰλος,διδλασκαλος,διδάσκαλου,διδάσκαλω,διδάσκαλον,διδάσκαλε,διδάσκαλοι,διδάσκαλων,διδάσκαλοις,διδάσκαλους,διδάσκαλοι,Bauer/LSJ
teacher,m,Lehrer,δῐδᾰ́σκᾰλος,διδλασκαλος,διδάσκαλου,διδάσκαλω,διδάσκαλον,διδάσκαλε,διδάσκαλοι,διδάσκαλων,διδάσκαλοις,διδάσκαλους,διδάσκαλοι,Bauer/LSJ
judge,m,Richter,δῐκαστής,δικαστής,δικαστου,διδασκτου,δικαστήν,δικαστά,δικασταί,δικαστων,δικασταις,διδασκτάς,δικασταί,Bauer/LSJ
hebrew,m,Hebräer,Εβραιος,,Εβραιου,,,,,,,,,Bauer/LSJ
grandson,m,Enkel,εκγονος,,εκγονου,,,,,,,,,Bauer/LSJ
elamite,m,Elamiter,Ελαμ(ε)ιτης,,Ελαμειτου,,,,,,,,,Bauer/LSJ
Greek,m,Griechin/ Heidin,Ελληνίς,Ελληνίς,Ελληνίδος,Ελληνίδι,Ελληνίδα,,Ελληνίδες,Ελληνίδων,Ελληνίδσι(ν),Ελληνίδας,Ελληνίδες,Bauer/LSJ
"supervisor, bishop",m,"Aufseher, Bischof",επισκοπος,,επισκοπου,,,,,,,,,Bauer/LSJ
"manager, governor",m,"Verwalter, Aufseher, Statthalter, Vormund",επιτροπος,,επιτροπου,,,,,,,,,Bauer/LSJ
worker,m,Arbeiter,εργατης,,εργατου,,,,,,,,,Bauer/LSJ
"comrade, fellow, mate, friend",m,"Genosse, Gefährte, Kamerad, Freund",εταιρος,,εταιρου,,,,,,,,,Bauer/LSJ
benefactor,m,Wohltäter,ευεργετης,,ευεργετου,,,,,,,,,Bauer/LSJ
eunuch,m,"Eunuch, Kastrat",ευνουχος,,ευνουχου,,,,,,,,,Bauer/LSJ
"prince, gorvernor",m,"Fürst, Statthalter",ηγεμων,ηγεμων,ηγεμονος,ηγεμονι,ηγεμονα,,ηγεμονες,σηγεμων,ηγεμοσιν,ηγεμας,,Bauer/LSJ
godness,f,Göttin,θεα,,θεασ,,,,,,,,,Bauer/LSJ
god,m,Gott,θεος,,θεου,,,,,,,,,Bauer/LSJ
harvester,m,Erntearbeiter,θερισμος,,θερισμου,,,,,,,,,Bauer/LSJ
thessalonians,m,Thessanolicher,Θεσσαλονικευς,Θεσσαλονικευς,Θεσσαλονικεως,Θεσσαλονικει,Θεσσαλονικεα,Θεσσαλονικευ,Θεσσαλονικεις,Θεσσαλονικεων,Θεσσαλονικευσιν,Θεσσαλονικεας,,Bauer/LSJ
daughter,f,Tochter,θυγάτηρ,θυγάτηρ,θυγατρός,θυγατρί,θυγατέρα,θύγατερ,θυγατέρες,θυγατέρων,θυγατράσι,θυγατερας,θυγατέρες,Bauer/LSJ
doorkeeper,m,Türhüter,θυρωρος,,θυρωπου,,,,,,,,,Bauer/LSJ
doorkeeper,f,Türhüterin,θυρωρος,,θυρωπου,,,,,,,,,Bauer/LSJ
layman,m,"Laie, Nichtstudierter",ιδιωτης,,ιδιουτου,,,,,,,,,Bauer/LSJ
Jewess,f,Jüdin,Ιουδαια,,Ιουδαιας,,,,,,,,,Bauer/LSJ
Jew,m,Jude,Ιουδαιος,,Ιουδαιου,,,,,,,,,Bauer/LSJ
Israelite,m,Israelit,Ισραηλιτης,,Ισραηλιτου,,,,,,,,,Bauer/LSJ
teacher,m,Lehrer,καθηγητης,,καθηγητου,,,,,,,,,Bauer/LSJ
kananite,m,Kananit,Κανανιτης,,Κανανιτου,,,,,,,,,Bauer/LSJ
scout,m,Kundschafter,κατασκοπος,,κατακοπου,,,,,,,,,Bauer/LSJ
despiser,m,Verächter,καταφρονητης,,καταφρονητου,,,,,,,,,Bauer/LSJ
accuser,m,Ankläger,κατηγορος,,κατηγορου,,,,,,,,,Bauer/LSJ
centurion,m,Centurio,κεντυριων,κεντυριων,κεντυριωνος,κεντυριωνι,κεντυριωνα,,κεντυριωνες,κεντυριωνων,κεντυριωνοσιν,κεντυριωνας,,Bauer/LSJ
"publisher, preacher",m,"Herold, Verkündiger, Prediger",κηρυξ,κηρυξ,κηρυκος,κηρυκι,κηρυκα,κηρυξ,κηρυκες,κηρυκων,κηρυξιν,κηρυκας,,Bauer/LSJ
"singer, zither player",m,"Sänger, Zitherspieler",κιθαρωδος,,κιθαρωδου,,,,,,,,,Bauer/LSJ
cilician,m,Cilicier,Κιλιξ,Κιλιξ,Κιλικος,Κιλικι,Κιλικα,Κιλιξ,Κιλικες,Κιλικων,Κιλιξιν,Κιλικας,,Bauer/LSJ
comrade,m,Genosse,κοινωνος,,κοινωνου,,,,,,,,,Bauer/LSJ
comrade,f,Genossin,κοινωνος,,κοινωνου,,,,,,,,,Bauer/LSJ
"bosom, breast",m,"Busen, Brust",κολπος,,κολπου,,,,,,,,,Bauer/LSJ
judge,m,Richter,κριτης,,κριτου,,,,,,,,,Bauer/LSJ
cyreneans,m,Cyrenäer,Κυρηναιος,,Κυρηναιου,,,,,,,,,Bauer/LSJ
"mr, owner",m,"Herr, Besitzer",κυριος,,κυριου,,,,,,,,,Bauer/LSJ
laodiceans,m,Laodicener,Λαοδικευς,Λαοδικευς,Λαοδικεως,Λαοδικει,Λαοδικεα,Λαοδικευ,Λαοδικεις,Λαοδικεων,Λαοδικευσιν,Λαοδικεας,,Bauer/LSJ
servant,m,Diener,λειτουργος,,λειτουργου,,,,,,,,,Bauer/LSJ
robber,m,Räuber,ληστρης,,σληστρου,,,,,,,,,Bauer/LSJ
mother,f,Mutter,μήτηρ,μήτηρ,μητρός,μητρί,μητέρα,μητερ,μητέρες,μητέρων,μητράσι,μητέρας,μητέρες,Bauer/LSJ
disciple,f,Jüngerin,μαθήτρια,μαθήτρια,μαθήτριας,μαθήτρια,μαθήτριαν,μαθήτρια,μαθητριάι,μαθήτριων,μαθήτριαις,μαθήτριας,μαθήτριαι,Bauer/LSJ
disciple,m,Jünger,μαθητής,μαθητής,μαθητόυ,μαθητή,μαθητήν,μαθητά,μαθητάι,μαθητων,μαθητάις,μαθητάς,μαθητάι,Bauer/LSJ
"mother hens, nurse, midwife",f,"Mütterchen, Amme, Hebamme",μαια,,μαιας,,,,,,,,,Bauer/LSJ
macedonian,m,Makedonier,Μακεδων,Μακεδων,Μακεδονος,Μακεδονι,Μακεδονα,,Μακεδονες,Μακεδονων,Μακεδονοσιν,Μακεδονας,,Bauer/LSJ
,?,"Brustwarze, Mutterbrust",μαστρος,,μαστρου,,,,,,,,,Bauer/LSJ
married woman,f,verheiratete Frau,ματρωνα,,ματρωνης,,,,,,,,,Bauer/LSJ
womb,f,Mutterschoß,μητρα,,μητρας,,,,,,,,,Bauer/LSJ
,?,Muttermörder,μητρολωας,,μητρολου,,,,,,,,,Bauer/LSJ
child,m,"Kleine, Kind",μικρος,,μικρου,,,,,,,,,Bauer/LSJ
"wage worker, day loborer",m,"Lohnarbeiter, Tagelöhner",μισθωτος,,μισθωτου,,,,,,,,,Bauer/LSJ
adulterous,m,Ehebrecher,μοιχός,μοιχός,μοιχου,μοιχω,μοιχω,μοιχέ,μοιχοι,μοιχων,μοιχοις,μοιχους,μοιχοι,Bauer/LSJ
adulterous,f,Ehebrecherin,μοιχαλίς,μοιχαλίς,μοιχαλίδος,μοιχαλίδι,μοιχαλίδα,,μοιχαλίδες,μοιχαλίδων,μοιχαλίδσι(ν),μαιχαλίδας,,Bauer/LSJ
boy,m,"Junge, Jüngling, junger Mann",νεανίας,νεανίας,νεανίου,νεανία,νεανίαν,νεανία,νεανίαι,νεανιων,νεανίαις,νεανίας,νεανίαι,Bauer/LSJ
young man,m,"junger Mann, Jüngling",νεανισκος,,νεανισκου,,,,,,,,,Bauer/LSJ
youth,?,Jugend,νεοτης,νεοτης,νεοτητος,νεοτητι,νεοτητα,,νεοτητες,σνεοτητων,νεοτητεσι(ν),νεοτητας,,Bauer/LSJ
temple guardian,m,Tempelwächter,νεωκορος,,νεοωκορου,,,,,,,,,Bauer/LSJ
Ninevit,m,Ninivit,Νινευιτης,,Νινευιτου,,,,,,,,,Bauer/LSJ
teacher of the law,m,Gesetzeslehrer,νομοδιδασκαλος,,νομοδιδασκαλου,,,,,,,,,Bauer/LSJ
lagislator,m,Gesetzgeber,νομοθετης,,νομοθετου,,,,,,,,,Bauer/LSJ
"bride, daughter in law",f,"Braut, Schwiegertochter",νυμφη,,νυμφης,,,,,,,,,Bauer/LSJ
groom,m,Bäutigam,νυμφιος,,νυμφου,,,,,,,,,Bauer/LSJ
"stranger, hospitable, host",m,"Fremder, Nichtbürger, Gastfreund, Gastgeber",ξενος,,ξενου,,,,,,,,,Bauer/LSJ
leader,m,Führer,οδηγος,,οδηγου,,,,,,,,,Bauer/LSJ
residents,m,Bewohner,οικητωρ,σοικητωρ,οικητορος,οικητορι,οικητορα,,οικητορες,οικητορων,οικητορσιν,οκιητορας,,Bauer/LSJ
housemate,m,Hausgenosse,οικιακος,,οικιακου,,,,,,,,,Bauer/LSJ
property manager,m,"Hausverwalter, Verwalter",οικονομος,,σοικονομου,,,,,,,,,Bauer/LSJ
"wine drinker, drunkard",m,"Weintrinker, Säufer",οινοποτης,,οινοποτου,,,,,,,,,Bauer/LSJ
debtor,m,"Schuldner, Verpflichteter, Schuldiger",οφειλετης,,οφειλετου,,,,,,,,,Bauer/LSJ
prostitute,f,Prostituierte,πόρνη,πόρνη,πόρνης,πορνη,πόρνην,πόρνη,πόρναι,πορνων,πόρναις,πόρνας,πόρναι,Bauer/LSJ
forinvator,m,Unzüchtiger ,πόρνος,πόνος,πόρνου,πόρνω,πόρνον,πόρνε,πόρνοι,πόρνων,πόρνοις,πόρνους,πόρνοι,Bauer/LSJ
boy,m,"Junge, Jüngling, junger Mann",παῖς,,,,,,,,,,,Bauer/LSJ
girl,f,Mädchen,παῖς,παῖς,παιδός,παιδί,παιδά,,παιδές,παιδών,παιδσί(ν),παιδάς,,Bauer/LSJ
"boy educator, steward",m,"(Knaben-) Erzieher, Hofmeister",παιδαγωγος,,παιδαγωγου,,,,,,,,,Bauer/LSJ
"educator, teacher",m,"Erzieher, Lehrer",παιδευτης,,παιδευτου,,,,,,,,,Bauer/LSJ
little child,m,das kleine Kind,παιδιον,,παιδιου,,,,,,,,,Bauer/LSJ
"servant, maid, slave",f,"Dienerin, Magd, Sklavin",παιδισκη,,παιδισκης,,,,,,,,,Bauer/LSJ
"sole ruler, almighty",?,"Allherrscher, Allmächtiger, Allgegenwärtiger",παντοκρατωρ,πατροκρατοπωρ,πατροκρατορος,πατροκρατορι,πατροκρατορα,,πατροκρατορες,πατροκρατορων,πατροκρατοροσιν,πατροκατορας,,Bauer/LSJ
"violator, sinner",m,"Übertreter, Sünder",παραβατης,,παραβατου,,,,,,,,,Bauer/LSJ
virgo,f,Jungfrau,παρθενος,,παρθενου,,,,,,,,,Bauer/LSJ
father,m,Vater,πατήρ,πατήρ,πατερός,πατρί,πατέρα,πάτερ,πατέρες,πατέρων,πατράσι,πατέρας,πατέρες,Bauer/LSJ
mother-in-law,m,Schwiegermutter,πενθερα,,πενθερας,,,,,,,,,Bauer/LSJ
shepherd,m,Hirte,ποιμην,πιμην,ποιμενος,ποιμενι,ποιμενα,ποιμην,ποιμενες,ποιμενων,ποιμεσι,ποιμενας,ποιμενες,Bauer/LSJ
"citizens, countryman",m,"Bürger, Mitbürger, Landsmann",πολιτης,,πολιτου,,,,,,,,,Bauer/LSJ
purple wool trader,f,Purpurwollenhändlerin,πορφυροπωλις,πορφυλοπωλις,πορφυροπωλιδος,,,,,,,,,Bauer/LSJ
"older man, old man",m,"älterer Mann, alter Mann",πρεσβυτης,,πρεσβυτου,,,,,,,,,Bauer/LSJ
traitor,m,Verräter,προδοτης,,προδοτου,,,,,,,,,Bauer/LSJ
beggar,m,Bettler,προσαιτης,,προσαιτου,,,,,,,,,Bauer/LSJ
protector,m,Beschützer,προστατης,,προστατου,,,,,,,,,Bauer/LSJ
protectress,f,Beschützerin,προστατις,προστατατις,προστατιδος,προστατιδι,σπροστατιδα,,προστατιδες,προστατιδων,προστατιδσιν,προστατσδας,,Bauer/LSJ
prophet,m,Prophet,προφητης,,προφητου,,,,,,,,,Bauer/LSJ
prophetess,f,Prophetin,προφητις,προφτις,προφητιδος,προφητιδι,προφητιδα,,προφητες,προφητιδων,προφητιδσιν,προφητιδας,,Bauer/LSJ
sadducees,m,Sadduzäer,Σαδδουκαιος,,Σαδδουκαιου,,,,,,,,,Bauer/LSJ
samaritan,m,Samariter,Σαμαριτης,,Σαμαριτου,,,,,,,,,Bauer/LSJ
"sicarian, daggee carrier",m,"Sikarier, Dolchträger",σικαριος,,σικαριου,,,,,,,,,Bauer/LSJ
executioner,m,Scharfrichter,σπεκουλατωρ,,σπεκουλατορος,,,,,,,,,Bauer/LSJ
"seed, offspring",m,"Same, Nachwuchs, Nachkommenschaft",σπερμα,σπερμα,σπερματος,σπερματι,σπερματα,,σπερματες,σσπερματων,σσπερματσιν,σπερματας,,Bauer/LSJ
seed,m,"Säen, Same",σπορος,,σσπορου,,,,,,,,,Bauer/LSJ
"partner, comrade",m,"Teilhaber, Genosse",συγκοινωνος,,σσυγκοινωνου,,,,,,,,,Bauer/LSJ
fellow slave,m,Mitsklave,συνδουλος,,σσυνδουλου,,,,,,,,,Bauer/LSJ
lawyer,m,Anwalt/Rechtsgelehrter,συνηγορος,,σσυνηγορου,,,,,,,,,Bauer/LSJ
synophoenician,f,Syrophönizierin,συνροφοινικισσα,,συνροφοινικισσης,,,,,,,,,Bauer/LSJ
comrades-in-arms,m,"Mitstreiter, Kampfgenosse",συστρατιωτης,,σσυστρατιωτου,,,,,,,,,Bauer/LSJ
"savior, keeper, liberator",m,"Eretter, Bewahrer, Befreier",σωτηρ,,σωτηρος,,,,,,,,,Bauer/LSJ
,m,Tarser,Ταρσευς,,Ταρσεως,,,,,,,,,Bauer/LSJ
little child,d,Kindlein,τεκνιον,,τεκνιου,,,,,,,,,Bauer/LSJ
child,d,Kind,τεκνον,,τεκνου,,,,,,,,,Bauer/LSJ
completer,m,Vollender,τελειωτης,,τελειοτου,,,,,,,,,Bauer/LSJ
"levy tenant, customs collector",m,"Abgabenpächter, Zolleinnehmer",τελωνης,,τελωνου,,,,,,,,,Bauer/LSJ
"artist, handyman",m,"Künstler, Handwerker",τεχνιτης,,τεχνιτου,,,,,,,,,Bauer/LSJ
"give birth, confinement",m,"Gebären, Niederkunft",τοκετος,,τοκετου,,,,,,,,,Bauer/LSJ
money changer,m,Geldwechsler,τραπεζιτης,,τραπεζιτου,,,,,,,,,Bauer/LSJ
"nurse, mother",f,"Amme, Mutter",τροφος,,τροφου,,,,,,,,,Bauer/LSJ
son,m,Sohn,υἱός,υἱός,υἱου,υἱω,υἱόν,υἱε,υἱόι,υἱων,υἱοις,υἱους,υἱόι,Bauer/LSJ
"under a man, subject to him, married",m/f,unter der Gewalt des Mannes stehend,ὕπανδρος,,,,,,,,,,,Bauer/LSJ
"under a man, subject to him, married",n,unter der Gewalt des Mannes stehend,ὕπανδρον,,,,,,,,,,,Bauer/LSJ
pharisee,m,Pharisäer,Φαρισαιος,,Φαρισαιου,,,,,,,,,Bauer/LSJ
"poisoner, wizard",m,"Giftmischer, Zauberer",φαρμακος,,φαρμακου,,,,,,,,,Bauer/LSJ
"brotherly love, sibling love",f,"Bruderliebe, Geschwisterliebe",φιλαδελφια,,φιλαδελφιας,,,,,,,,,Bauer/LSJ
philippians,m,Philliper,Φιλιππησιος,,Φιλιππησιου,,,,,,,,,Bauer/LSJ
guardian,m,Wächter,φυλαξ,,φυλακος,,,,,,,,,Bauer/LSJ
widow,f,Witwe,χήρα,χήρα,χήρας,χήρα,χήραν,χήρα,χήραι,χήρων,χήραις,χήρας,χήραι,Bauer/LSJ
blacksmith,m,Schmied,χαλκευς,,χαλκεωος,,,,,,,,,Bauer/LSJ
leader,m,Führer,χειραγωγος,,χειραγωγου,,,,,,,,,Bauer/LSJ
leader of a thousand people,m,Anführer einer Tausendschaft,χιλιαρχος,,χιλιαρχου,,,,,,,,,Bauer/LSJ
wrong brother,m,falscher Bruder,ψευδαδελφος,,ψευδαδελφου,,,,,,,,,Bauer/LSJ
false apostle,m,falscher Apostel,ψευδαποστολος,,σψευδαποτολου,,,,,,,,,Bauer/LSJ
false witness,m,falscher Zeuge,ψευδομαρτυς,ψευδοματρυς,ψευδομαρτυρος,ψευδοματρι,ψευδομαρτα,,ψευδοματρες,ψευδοματρων,ψευδοματρισ,ψευδοματρας,,Bauer/LSJ
sister,f,Schwester,ἀδελφή,ἀδελφή,ἀδελφης,ἀδελφη,ἀδελφήν,ἀδελφή,ἀδελφάι,ἀδελφων,ἀδελφαις,ἀδελφάς,ἀδελφάι,Bauer/LSJ
brother,m,Bruder,ἀδελφός,ἀδελφος,ἀδελφοῦ,ἀδελφω,ἀδελφόν ,ἀδελφέ,αδελφοί,ἀδελφων,ἀδελφόις,ἀδελφόυς,αδελφοί,Bauer/LSJ
husband,m,Ehemann,ἀνήρ,ἀνήρ,ἀνδρός,ἀνδρί,ἄνδρα,ἄνερ,ἄνδρες,ἀνδρων,ἀνδράσι,ἄνδρας,ἄνδρες,Bauer/LSJ
man,m,Mann,ἀνήρ,ἀνήρ,ἀνδρός,ἀνδρί,ἄνδρα,ἄνερ,ἄνδρες,ἀνδρων,ἀνδράσι,ἄνδρας,ἄνδρες,Bauer/LSJ
cousin,m,Vetter,ἀνεψιός,ἀνεψιός,ἀνεψιόυ,ἀνεψιώ,ἀνεψιόν,ἀνεψιέ,ἀνεψιόι,ἀνεψιών,ἀνεψιόις,ἀνεψιόυς,ἀνεψιόι,Bauer/LSJ
apostle,m,Apostel,ἀπόστολος,ἀπόστολος,ἀπόστολου,ἀπόστολω,ἀπόστολον,ἀπόστολε,ἀπόστολοι,ἀπόστολων,ἀπόστολοις,ἀπόστολους,ἀπόστολοι,Bauer/LSJ
male,m,männlich,ἄρσην,ἄρσην,ἄρσενος,ἄρσι,ἄρσην,ἄρσην,ἄρσες,ἄρσων,ἄρσιν,ἄρσης,ἄρσες,Bauer/LSJ
Greek,f,Grieche,Ἕλλην,Ἕλλην,Ἕλληvος,Ἕλληνι,Ἕλληνα,Ἕλλην,Ἕλληνες,Ἕλλνων,Ἕλλησι,Ἕλληνας,Ἕλληνες,Bauer/LSJ
surgeon,m,Arzt ,ἰατρός,ἰατρός,ἰατρόυ,ἰατρω,ἰατρόν,ἰατρέ,ἰατρόι,ἰατρων,ἰατροις,ἰατρόυς,ἰατροι,Bauer/LSJ
priest,m,Priester,ἱερεύς,ἱερεύς,ἱερεύως,ἱερει,ἱερεα,ἱερευ,ἱερεις,ἱερων,ἱερευσι(ν),ἱερέας,ἱερεις,Bauer/LSJ
lawyer ,f,Anwältin/Rechtsgelehrte,,,,,,,,,,,,kann ich nicht finden (im Wörterbuch für das NT)
surgeon ,f,Ärztin,,,,,,,,,,,,kann ich nicht finden (im Wörterbuch für das NT)
cousin,f,Cousine,,,,,,,,,,,,kann ich nicht finden (im Wörterbuch für das NT)
investigator,m,Ermittler,,,,,,,,,,,,kann ich nicht finden (im Wörterbuch für das NT)
investigator ,f,Ermittlerin,,,,,,,,,,,,kann ich nicht finden (im Wörterbuch für das NT)
grandmother,f,Großmutter,,,,,,,,,,,,kann ich nicht finden (im Wörterbuch für das NT)
grandfather,m,Großvater,,,,,,,,,,,,kann ich nicht finden (im Wörterbuch für das NT)
fighter,m,Kämpfer,,,,,,,,,,,,kann ich nicht finden (im Wörterbuch für das NT)
fighter ,f,Kämpferin,,,,,,,,,,,,kann ich nicht finden (im Wörterbuch für das NT)
,f,kleines Mädchen/leichte Mädchen,,,,,,,,,,,,
nurse ,f,Krankenschwester/Pflegerin ,,,,,,,,,,,,kann ich nicht finden (im Wörterbuch für das NT)
instructor ,f,Lehrerin,,,,,,,,,,,,kann ich nicht finden (im Wörterbuch für das NT)
teacher ,f,Lehrerin,,,,,,,,,,,,kann ich nicht finden (im Wörterbuch für das NT)
uncle,m,Onkel,,,,,,,,,,,,kann ich nicht finden (im Wörterbuch für das NT)
nurse,m,Pfleger,,,,,,,,,,,,kann ich nicht finden (im Wörterbuch für das NT)
priest ,f,Priesterin,,,,,,,,,,,,kann ich nicht finden (im Wörterbuch für das NT)
judge ,f,Richterin,,,,,,,,,,,,kann ich nicht finden (im Wörterbuch für das NT)
roman,m,Römer,,,,,,,,,,,,kann ich nicht finden (im Wörterbuch für das NT)
roman,f,Römerin,,,,,,,,,,,,kann ich nicht finden (im Wörterbuch für das NT)
clerk,m,Schreiber,,,,,,,,,,,,kann ich nicht finden (im Wörterbuch für das NT)
clerk,f,Schreiberin,,,,,,,,,,,,kann ich nicht finden (im Wörterbuch für das NT)
scribe ,f,Schriftgelehrte,,,,,,,,,,,,kann ich nicht finden (im Wörterbuch für das NT)
aunt,f,Tante,,,,,,,,,,,,kann ich nicht finden (im Wörterbuch für das NT)
scientist,m,Wissenschaftler/Forscher,,,,,,,,,,,,kann ich nicht finden (im Wörterbuch für das NT)
scientist ,f,Wissenschaftlerin/Forscherin,,,,,,,,,,,,kann ich nicht finden (im Wörterbuch für das NT)
widower,m,Witwer,,,,,,,,,,,,kann ich nicht finden (im Wörterbuch für das NT)
,,,,,,,,,,,,,,
,,,,,,,,,,,,,,
,,,,,,,,,,,,,,
,,,,,,,,,,,,,,
,,,,,,,,,,,,,,
,,,,,,,,,,,,,,
,,,,,,,,,,,,,,
,,,,,,,,,,,,,,
,,,,,,,,,,,,,,
,,,,,,,,,,,,,,
,,,,,,,,,,,,,,
,,,,,,,,,,,,,,
,,,,,,,,,,,,,,
,,,,,,,,,,,,,,
,,,,,,,,,,,,,,
,,,,,,,,,,,,,,
,,,,,,,,,,,,,,
,,,,,,,,,,,,,,
,,,,,,,,,,,,,,
,,,,,,,,,,,,,,
,,,,,,,,,,,,,,
,,,,,,,,,,,,,,
,,,,,,,,,,,,,,
,,,,,,,,,,,,,,
,,,,,,,,,,,,,,
,,,,,,,,,,,,,,
,,,,,,,,,,,,,,
,,,,,,,,,,,,,,
,,,,,,,,,,,,,,
,,,,,,,,,,,,,,
,,,,,,,,,,,,,,
,,,,,,,,,,,,,,
,,,,,,,,,,,,,,
,,,,,,,,,,,,,,
,,,,,,,,,,,,,,
,,,,,,,,,,,,,,
,,,,,,,,,,,,,,
,,,,,,,,,,,,,,
,,,,,,,,,,,,,,
,,,,,,,,,,,,,,
,,,,,,,,,,,,,,
,,,,,,,,,,,,,,
,,,,,,,,,,,,,,
,,,,,,,,,,,,,,

