label:en|gender|label:el|alternatives|Nom Sg|Gen Sg|Dat Sg|Akk Sg|Voc Sg|factgrid
Aaron, brother of Mose|m|Ααρων||Ἀαρών|Ἀαρών,Ααρωνος|Ἀαρών|Ἀαρών||
Abaddon|m|Αβαδδων||Ἀβαδδών|||||
Abel, son of Adam|m|Αβελ||Ἅβελ|Ἅβελ||Ἅβελ||
Abijah|m|Ἀβιά|||||||
Abiud, son of Zerubbabel|m|Αβιούδ||Ἀβιοὺδ|||Ἀβιοὺδ||https://database.factgrid.de/entity/Q165703
Abjathar, priest in Nob|m|Αβιαθαρ|αβηαβηαθαρ||||||
Abraham, peogenitor of the people of Israel|m|Αβρααμ||Ἀβραάμ|Ἀβραάμ|Ἀβραάμ|Ἀβραάμ|Ἀβραάμ|
Abrion, son of Eliabs|m|Αβειρων|Αβιρων||||||
Achaicus|m|Αχαϊός|Ἀχαϊκός||Αχαικου||||https://database.factgrid.de/entity/Q165708
Achim, son of Sadoc|m|Αχίμ||Ἀχὶμ|||Ἀχὶμ||https://database.factgrid.de/entity/Q165715
Addi, son of Cosam|m|Αδδί|||Ἀδδὶ||||https://database.factgrid.de/entity/Q165732
Admin, son of Arni|m|Αδμιν|||Ἀδμὶν||||
Aeneas|m|Αινέας|||||Αἰνέαν|Αἰνέα|https://database.factgrid.de/entity/Q165758
Agabus|m|Άγαβος||Ἅγαβος|||||https://database.factgrid.de/entity/Q165759
Agrippa|m|Ἀγρίππας||Ἀγρίππας|Ἀγρίππα|||Ἀγρίππα|https://database.factgrid.de/entity/Q165764
Alexander|m|Ἀλέξανδρος||Ἀλέξανδρος|Ἀλεξάνδρου||Ἀλέξανδρον||https://database.factgrid.de/entity/Q165847,https://database.factgrid.de/entity/Q165845
Alphaeus|m|Ἁλφαῖος|||Ἁλφαίου||||https://database.factgrid.de/entity/Q165853
Amminadab, son of Aram|m|Ἀμιναδάβ||Ἀμιναδὰβ|Ἀμιναδὰβ||Ἀμιναδὰβ||https://database.factgrid.de/entity/Q165881
Amos, son of Naum|m|Ἀμώς|αμων,αμμωμ,αμμων|Ἀμώς|Ἀμώς||Ἀμώς||https://database.factgrid.de/entity/Q165904
Amplias|m|Αμπλιατος|||||||https://database.factgrid.de/entity/Q165906
Ananias|m|Ἁνανίας||Ἁνανίας|||Ἁνανίαν|Ἁνανία|https://database.factgrid.de/entity/Q165924
Andrew the Apostle|m|Ανδρέας||Ἀνδρέας|Ἀνδρέου|Ἀνδρέᾳ|Ἀνδρέαν||https://database.factgrid.de/entity/Q77541
Andronicus of Tarsus|m|Ανδρόνικος|||||Ἀνδρόνικον||https://database.factgrid.de/entity/Q165931
Anna, son of Phanuel|m|Ἅννα||Ἅννα|||||https://database.factgrid.de/entity/Q165934
Annas|m|Ἅννας||Ἅννας|Ἅννα||Ἅνναν||https://database.factgrid.de/entity/Q165935
Antipas|m|Ἀντιπᾶς||Ἀντιπᾶς|||||https://database.factgrid.de/entity/Q165936
Apelles|m|Ἀπελλῆς||Ἀπελλῆς|||Ἀπελλῆν||https://database.factgrid.de/entity/Q165939
Apollonius|m|Απολλωνιυς|||||||
Apollos|m|Ἀπολλῶς||Ἀπολλῶς|Ἀπολλῶ||Ἀπολλῶν,Ἀπολλῶ||https://database.factgrid.de/entity/Q165942
Apphia|m|Ἀπφία||||Ἀπφίᾳ|||https://database.factgrid.de/entity/Q165945
Aquila|m|Ἀκύλας||Ἀκύλας|||Ἀκύλαν,κυλαν||https://database.factgrid.de/entity/Q165946
Archelaus, son of Herod|m|Ἀρχέλαος||Ἀρχέλαος|||||https://database.factgrid.de/entity/Q165959
Archippus|m|Ἄρχιππος||Ἄρχιππος||Ἀρχίππῳ|||https://database.factgrid.de/entity/Q165960
Aretas|m|Ἁρέτας||Ἁρέτας|Ἁρέτα||||https://database.factgrid.de/entity/Q165965
Aristarchus|m|Ἀρίσταρχος||Ἀρίσταρχος|Ἀριστάρχου||Ἀρίσταρχον||https://database.factgrid.de/entity/Q165974
Aristobulus|m|Ἀριστόβουλος||Ἀριστόβουλος|Ἀριστοβούλου||||https://database.factgrid.de/entity/Q165975
Artemas|m|Ἀρτεμᾶς||Ἀρτεμᾶς|||Ἀρτεμᾶν||https://database.factgrid.de/entity/Q165984
Asyncritus|m|Ἀσύγκριτος||Ἀσύγκριτος|||Ἀσύγκριτον||https://database.factgrid.de/entity/Q166026
Azor, son of Eliakim|m|Ἀζώρ||Ἀζὼρ|||Ἀζὼρ||https://database.factgrid.de/entity/Q166086
Baal|m|Βάαλ||Βάαλ|Βάαλ||||
Balak|m|Βαλάκ||Βαλὰκ||Βαλὰκ|||
Bar-Jesus|m|Βαριησοῦς||Βαριησοῦς|Βαριησοῦ||||https://database.factgrid.de/entity/Q166141
Barabbas|m|Βαραββᾶς|Βαραβας|Βαραββᾶς|||Βαραββᾶν||https://database.factgrid.de/entity/Q166136
Barachja|m|Βαραχιας|||||||
Barak|m|Βαράκ||Βαράκ|Βαράκ||||
Barjona|m|Βαριωνα|βαριονὰν||||||
Barnabas|m|Βαρναβᾶς||Βαρναβᾶς|Βαρναβᾶ|Βαρναβᾷ|Βαρναβᾶν||
Barsabas|m|Βαρσαββας|Βαρσαβας||||||https://database.factgrid.de/entity/Q166144
Bartholomew, disciple of Jesus of Nazareth|m|Βαρθολομαῖος||Βαρθολομαῖος|||Βαρθολομαῖον||https://database.factgrid.de/entity/Q166146
Bartimaeus, son of Timaeus|m|Βαρτιμαῖος||Βαρτιμαῖος|||||https://database.factgrid.de/entity/Q166147
Beelzebul|m|Βεελζεβούλ||Βεελζεβούλ||Βεελζεβούλ|Βεελζεβούλ||
Beliar|m|Βελιαρ|||||||
Beor|m|Βεωρ|Βοσόρ||Βοσὸρ||||
Bernice|f|Βερνίκη|βερονικη,βερνικηνα,βερνικι,βερονικης,βερνηκης,βερονικη,βερνικηι,βερνηκη|Βερνίκη|Βερνίκης||||https://database.factgrid.de/entity/Q166234
Bileam|m|Βαλααμ|||||||
Blastus|m|Βλάστος||Βλάστος|||Βλάστον||https://database.factgrid.de/entity/Q166273
Boangeras|m|Βοανηργες|||||||
Boaz, son of Salmon and Rachab|m|Βόες|Βόος||Βόος||||https://database.factgrid.de/entity/Q166276
Caiaphas|m|Καϊάφας||Καϊάφας|Καϊάφα||Καϊάφαν||https://database.factgrid.de/entity/Q166291
Cain|m|Καϊν||Κάϊν|Κάϊν||Κάϊν||
Cainan, son of Arphaxad|m|Καϊνὰμ του Αρφαξαδ|Καϊνὰμ||||||https://database.factgrid.de/entity/Q166293
Candace|f|Κανδάκη|κανδακις|Κανδάκη|Κανδάκης||||https://database.factgrid.de/entity/Q166300
Chloe|m|Χλόη||Χλόη|Χλόης||||https://database.factgrid.de/entity/Q166331
Christ|m|Χριστός|ΧΣ,χω,χρυ,χε,χρε,χρς,χρηστος,χσ|Χριστός,ΧΣ|χριστοῦ,ΧΥ|Χριστῷ|χριστόν|χριστέ|
Chuza|m|Χουζᾶς||Χουζᾶς|Χουζᾶ||||https://database.factgrid.de/entity/Q166334
Claudia|d|Κλαυδία||Κλαυδία|||||https://database.factgrid.de/entity/Q166336,https://database.factgrid.de/entity/Q169483
Claudius|m|Κλαύδιος||Κλαύδιος|Κλαυδίου||Κλαύδιον||https://database.factgrid.de/entity/Q166337,https://database.factgrid.de/entity/Q166338
Clement|m|Κλήμης|||Κλημεντος||||https://database.factgrid.de/entity/Q166339
Cleopas|m|Κλεοπᾶς|Κλεοπα||Κλωπα||||https://database.factgrid.de/entity/Q166340
Clopas|m|Κλωπᾶς||Κλωπᾶς|Κλωπᾶ||||
Cornelius|m|Κορνήλιος|κορνιλιος,κορνιλιως|Κορνήλιος|Κορνηλίου|||Κορνήλιε|https://database.factgrid.de/entity/Q166349
Cosam, son of Elmodam|m|Κωσάμ||Κωσὰμ|||||https://database.factgrid.de/entity/Q166350
Crescens|m|Κρήσκης||Κρήσκης|||||https://database.factgrid.de/entity/Q166353
Crispus|m|Κρίσπος||Κρίσπος|||Κρίσπον||https://database.factgrid.de/entity/Q166354
Damaris|f|Δάμαρις|θαμαρις,δαμαρης|Δάμαρις|||||https://database.factgrid.de/entity/Q166365
Daniel|m|Δανιὴλ||Δανιὴλ|||||
David|m|Δαυιδ|ΔΑΔ,δαυειδ|Δαυὶδ|Δαυὶδ|Δαυὶδ|Δαυὶδ||
Demas|m|Δημᾶς||Δημᾶς|||||https://database.factgrid.de/entity/Q166400
Demetrius|m|Δημήτριος||Δημήτριος||Δημητρίῳ|||https://database.factgrid.de/entity/Q166401
Dionysius|m|Διονύσιος||Διονύσιος|||||https://database.factgrid.de/entity/Q166409
Diotrephes|m|Διοτρέφης||Διοτρέφης|||||https://database.factgrid.de/entity/Q166410
Drusilla|f|Δρούσιλλα|δροσιλλη,δρουσηλλη,δρουσιλλι,δρυσιλλη,δρουσιλη,δροσουλη,δρουσιλλη|||Δρουσίλλῃ|||https://database.factgrid.de/entity/Q166422
Eleazar, son of Eliud|m|Ἐλεάζαρ|ελιαζαρ|Ἐλεάζαρ|||Ἐλεάζαρ||https://database.factgrid.de/entity/Q166470
Elia|m|Ηλιας|||||||
Eliakim|m|Ἐλιακίμ||Ἐλιακίμ|Ἐλιακίμ||Ἐλιακίμ||https://database.factgrid.de/entity/Q166488,https://database.factgrid.de/entity/Q166489
Eliezer, son of Jorim|m|Ἐλιέζερ|||Ἐλιέζερ||||https://database.factgrid.de/entity/Q166527
Elisa|m|Ελισαιε|""||||||
Elisabeth|f|Ελισάβετ|ελεισαβετ,ελισαβεδ,ελεισαβεθ,ελησαβεθ,ελισαβεθ,ελισαβuτ,ελισαβετ||||||https://database.factgrid.de/entity/Q166557
Eliud, son of Achim|m|Ἐλιούδ||Ἐλιοὺδ|||Ἐλιοὺδ||https://database.factgrid.de/entity/Q166571
Elmodam, son of Er|m|Ελμαδαμ|||||||https://database.factgrid.de/entity/Q166583
Elymas|m|Ἐλύμας||Ἐλύμας|||||
Emmanuel|m|Ἐμμανουήλ||Ἐμμανουήλ|||Ἐμμανουήλ||
Emmaus|m|Ἐμμαοῦς||Emmaus|||||
Enos|m|Ἐνώς|||Ἐνὼς||||
Epaenetus|m|Ἐπαίνετος||Ἐπαίνετος|||Ἐπαίνετον||https://database.factgrid.de/entity/Q166607
Epaphras|m|Ἐπαφρᾶς||Ἐπαφρᾶς|Ἐπαφρᾶ||||https://database.factgrid.de/entity/Q166608
Epaphroditus|m|Ἐπαφρόδιτος||Ἐπαφρόδιτος|Ἐπαφροδίτου||Ἐπαφρόδιτον||https://database.factgrid.de/entity/Q166609
Ephraim|m|Ἐφραίμ|||||Ἐφραὶμ||
Er, son of Jose|m|Ἤρ|||Ἢρ||||https://database.factgrid.de/entity/Q166625
Erastus|m|Ἔραστος||Ἔραστος|||Ἔραστον||https://database.factgrid.de/entity/Q166627
Esau|m|Ἠσαῦ||Ἠσαῦ|||Ἠσαῦ||
Esli, son of Nagge|m|Ἑσλί|||Ἑσλὶ||||https://database.factgrid.de/entity/Q166638
Eubulus|m|Εὔβουλος||Εὔβουλος|||||https://database.factgrid.de/entity/Q166648
Eunice, daugher of Lois|f|Εὐνίκη||||Εὐνίκῃ|||https://database.factgrid.de/entity/Q166649
Euodias|f|Ευοδια|||||||https://database.factgrid.de/entity/Q166650
Eutychus|m|Εὔτυχος||Εὔτυχος|||||https://database.factgrid.de/entity/Q166651
Father of Barnabas and Mary (the wife of John Mark)|m||||||||https://database.factgrid.de/entity/Q166671
Father of Martha and Mary and Lazarus|m||||||||https://database.factgrid.de/entity/Q166676
Felix|m|Φῆλιξ||Φῆλιξ|Φήλικος|Φήλικι|Φήλικα|Φῆλιξ|https://database.factgrid.de/entity/Q166680
Festus|m|Φῆστος||Φῆστος|Φήστου|Φήστῳ|Φῆστον|Φῆστε|
Fortunatus|m|Φορτουνᾶτος|||Φορτουνάτου||||https://database.factgrid.de/entity/Q166681
Gabriel|m|Γαβριήλ||Γαβριὴλ|||||
Gaius|m|Γάϊος||Γάϊος||Γαΐῳ|Γάϊον||https://database.factgrid.de/entity/Q166694
Gallio|m|Γαλλίων||Γαλλίων|Γαλλίωνος|Γαλλίωνι|||https://database.factgrid.de/entity/Q166698
Gamaliel|m|Γαμαλιήλ|γαμαλιηλου,γαμαληηλ,γαμαηλ|Γαμαλιήλ|Γαμαλιήλ||||https://database.factgrid.de/entity/Q166700
Hagar, concubine of Abraham|f|Ἁγάρ||Ἁγάρ|||||
Heli, son of Matthat|m|Ηλι|||||ἠλὶ||https://database.factgrid.de/entity/Q166931
Henoch, son of Jared|m|Ενοχ|||||||
Hermas|m|Ἑρμᾶς|||||Ἑρμᾶν||https://database.factgrid.de/entity/Q166951
Hermes|m|Ἑρμῆς|||||Ἑρμῆν||https://database.factgrid.de/entity/Q166952
Hermogenes|m|Ἑρμογένης||Ἑρμογένης|||||https://database.factgrid.de/entity/Q166953
Herod|m|Ἡρῴδης|ηρωδηι|Ἡρῴδης|Ἡρῴδου|Ἡρῴδῃ|Ἡρῴδην||https://database.factgrid.de/entity/Q166956,https://database.factgrid.de/entity/Q166955,https://database.factgrid.de/entity/Q166954
Herodias, wife of Herod II|f|Ἡρῳδιὰς|ηρωδηας,ηρωδιαιδα,ιρωδιαδα,ηροδιαδος,ιρωδιαδος,ηρωδειαδος,ηροδιας,ρωδιαδα,ηρωδιαδως,ηρωιαδα,ηρωδιαδε,ρωδιας,ηροδιαδα|Ἡρῳδιὰς|Ἡρῳδιάδος||Ἡρῳδιάδα||https://database.factgrid.de/entity/Q166957
Herodion|m|Ἡρῳδίων|||||Ἡρῳδίωνα||https://database.factgrid.de/entity/Q166958
Hesli|m|Εσλι|||||||
Hesrom|m|Εσρωμ|||||||
Hiob|m|Ιωβ|||||||
Hiskia|m|Εζεκιας|εζεκειας||||||
Hosea|m|Ὡσηέ||||Ὡσηὲ|||
Hymenaeus|m|Ὑμέναιος||Ὑμέναιος|||||https://database.factgrid.de/entity/Q167042
Isaak|m|Ισαακ|||||||
Isaschar|m|Ισσαχαρ|||||||
Ischarioth|m|Ισκαριωθ|||||||
Isebel|f|Ιεζαβελ|||||||
Jacob, son of Matthan|m|Ἰακώβ|γιαχακωβ|Ἰακώβ|Ἰακώβ|Ἰακώβ|Ἰακώβ||https://database.factgrid.de/entity/Q167160
Jairus|m|Ἰάϊρος||Ἰάϊρος|||||https://database.factgrid.de/entity/Q167192
Jambres|m|Ἰαμβρῆς||Ἰαμβρῆς|||||https://database.factgrid.de/entity/Q167198
James|m|Ἰάκωβος||Ἰάκωβος|Ἰακώβου|Ἰακώβῳ|Ἰάκωβον||https://database.factgrid.de/entity/Q167200,https://database.factgrid.de/entity/Q167199,https://database.factgrid.de/entity/Q167201
Janna, son of Joseph|m|Ἰανναί|ιαναν||Ἰανναὶ||||https://database.factgrid.de/entity/Q167206
Jannes|m|Ἰάννης||Ἰάννης|||||https://database.factgrid.de/entity/Q167207
Jared|m|Ἰάρετ|||Ἰάρετ||||
Jason|m|Ἰάσων||Ἰάσων|Ἰάσονος||Ἰάσονα||https://database.factgrid.de/entity/Q167228
Jechonja|m|Ιεχονιας|||||||
Jeremia|m|Ἰερεμίας|||Ἰερεμίου||Ἰερεμίαν||
Jesaja|m|Ησαιας|||||||
Jesse, son of Obed|m|Ἰεσσαί||Ἰεσσαί|Ἰεσσαί||Ἰεσσαί||https://database.factgrid.de/entity/Q167418
Jesus|m|Ιησους|ΙΣ,ιη,ιης,ιηυ,ισ,ιην,ιω|Ιησους,ΙΣ|Ἰησοὺ,ΙΥ|Ἰησοῦ,ΙΥ|Ἰησοῦν,ΙΝ|Ἰησοῦ,ΙΥ|https://database.factgrid.de/entity/Q167421
Joachim|m|Ιωακιμ|||||||
Joanan, son of Rhesa|m|Ἰωανάν|ιωανναν||Ἰωανὰν||||https://database.factgrid.de/entity/Q167461
Joanna, wife of Chuza|f|Ἰωάννα|ιωαννου,ιαννα,ιωναν,ιωανα|Ἰωάννα|||||https://database.factgrid.de/entity/Q167462
Joas|m|Ιωας|ιωννα||||||
Joatham|m|Ιωαθαμ|||||||
Jobed|m|Ιωβηδ|||||||
Joel|m|Ἰωήλ|||Ἰωήλ||||
John|m|Ἰωάννης|ιωανης,ιωανου|Ἰωάννης|Ἰωάννου|Ἰωάννῃ|Ἰωάννην||https://database.factgrid.de/entity/Q167513,https://database.factgrid.de/entity/Q167512,https://database.factgrid.de/entity/Q167514,https://database.factgrid.de/entity/Q167524
Jonah, Jonas|m|Ἰωνᾶς|ιωνα|Ἰωνᾶς|Ἰωνᾶ||||https://database.factgrid.de/entity/Q169266
Jonam|m|Ἰωνάμ|||Ἰωνάμ||||
Jonan, son of Eliakim|m|Ιωναν|||||||https://database.factgrid.de/entity/Q167528
Jonathas|m|Ιωναθας|||||||
Joram|m|Ἰωράμ||Ἰωρὰμ|||Ἰωρὰμ||
Jorim, son of Matthat|m|Ἰωρίμ|||Ἰωρίμ||||https://database.factgrid.de/entity/Q167553
Josaphar|m|Ιωσαφατ|||||||
Jose|m|Ιοσης|||||||
Jose, son of Eliezer|m||||||||
Joseph|m|Ιωσηφ|Ιωσληχ|Ἰωσήφ|Ἰωσήφ|Ἰωσήφ|Ἰωσήφ||https://database.factgrid.de/entity/Q167563,https://database.factgrid.de/entity/Q167566,https://database.factgrid.de/entity/Q167562,https://database.factgrid.de/entity/Q167570,https://database.factgrid.de/entity/Q167556,https://database.factgrid.de/entity/Q167565,https://database.factgrid.de/entity/Q167564
Josiah|m|Ἰωσίας|ιωσσιαν,ιωσειαν|Ἰωσίας|||Ἰωσίαν||https://database.factgrid.de/entity/Q167569
Juda|m|Ιωδα|Ιουδα||||||https://database.factgrid.de/entity/Q167601,https://database.factgrid.de/entity/Q167602
Judas|m|Ἰούδας||Ἰούδας|Ἰούδα||Ἰούδαν|Ἰούδα|https://database.factgrid.de/entity/Q167611,https://database.factgrid.de/entity/Q167617,https://database.factgrid.de/entity/Q167614,https://database.factgrid.de/entity/Q167616
Julia|f|Ἰουλία||Ἰουλία|||Ἰουλίαν||https://database.factgrid.de/entity/Q167620
Julius|m|Ἰούλιος||Ἰούλιος||Ἰουλίῳ|||https://database.factgrid.de/entity/Q167621
Junia|f|Ἰουλία||Ἰουλία|||Ἰουλίαν||https://database.factgrid.de/entity/Q167622
Junias|m|Ἰουνιᾶς|||||Ἰουνίαν||https://database.factgrid.de/entity/Q167622
Justus|m|Ἰοῦστος||Ἰοῦστος|Ἰούστου||||https://database.factgrid.de/entity/Q167625,https://database.factgrid.de/entity/Q167421
Kephas|m|Κηφας|||||||
Lazarus|m|Λάζαρος||Λάζαρος|||Λάζαρον|Λάζαρε|https://database.factgrid.de/entity/Q167677,https://database.factgrid.de/entity/Q167678
Lekrta|f|Λεκτρα|||||||
Levi|m|Λευί||Λευί|Λευί||Λευὶν||https://database.factgrid.de/entity/Q167688,https://database.factgrid.de/entity/Q167689
Linus|m|Λίνος||Λίνος|||||https://database.factgrid.de/entity/Q167694
Lois|f|Λωΐς||Λωΐς||Λωΐδι|||https://database.factgrid.de/entity/Q167696
Lot|m|Λώτ||Λώτ|Λώτ||Λώτ||
Lucius|m|Λούκιος||Λούκιος|||||https://database.factgrid.de/entity/Q167702
Luke|m|Λουκᾶς||Λουκᾶς|||||
Lydia|f|Λυδία|λυδδιαν|Λυδία|||Λυδίαν||https://database.factgrid.de/entity/Q167706
Lysanias|m|Λυσανίας|||Λυσανίου||||https://database.factgrid.de/entity/Q167707
Maath, son of Mattathias|m|Μάαθ|||Μάαθ||||https://database.factgrid.de/entity/Q167743
Malchus|m|Μάλχος||Μάλχος|||||https://database.factgrid.de/entity/Q167794
Manaen|m|Μαναήν||Μαναήν|||||https://database.factgrid.de/entity/Q167805
Mark |m|Μᾶρκος||Μᾶρκος|Μάρκου||Μᾶρκον||
Martha, sister of Mary and Lazarus|f|Μάρθα|μαρθασ|Μάρθα|Μάρθας||Μάρθαν|Μάρθα|https://database.factgrid.de/entity/Q167821
Magdalene|f|Μαγδαληνη|μαγδανηνη,μαγδαληνηι,μαγδαληνι,μαμδαλινη,μαγδαληνει,μαγδαληνη,μαγδαλινη||||||
Mary|f|Μαρία|μαριαρ,μαριαι,μαρηαμ,μαριασ,μαρηα,μαρι,μαριαμ,μαριας,μαρηαν|Μαρία|Μαρίας|Μαρίᾳ|Μαρίαν||https://database.factgrid.de/entity/Q167827,https://database.factgrid.de/entity/Q167826,https://database.factgrid.de/entity/Q167823,https://database.factgrid.de/entity/Q167825,https://database.factgrid.de/entity/Q167824,https://database.factgrid.de/entity/Q167822
Mattatha, son of Nathan|m|Ματταθά|||Ματταθά||||https://database.factgrid.de/entity/Q167846
Mattathias|m|Ματταθίας|||Ματταθίου||||https://database.factgrid.de/entity/Q167848,https://database.factgrid.de/entity/Q167849
Matthan, son of Eleazar|m|Ματθάν|μαθθαν|Ματθὰν|||Ματθὰν||https://database.factgrid.de/entity/Q167853
Matthat, son of Levi|m|Μαθθὰτ|||Μαθθὰτ||||https://database.factgrid.de/entity/Q167854
Matthew|m|Μαθθαῖος||Μαθθαῖος|||Μαθθαῖον||https://database.factgrid.de/entity/Q167856
Matthias|m|Μαθθίας||Μαθθίας|||Μαθθίαν||https://database.factgrid.de/entity/Q167857
Melchi|m|Μελχὶ|||Μελχὶ||||https://database.factgrid.de/entity/Q167874,https://database.factgrid.de/entity/Q167873
Melea, son of Menan|m|Μελεὰ|||Μελεὰ||||https://database.factgrid.de/entity/Q167879
Menan, son of Mattatha|m|Μεννα|||||||https://database.factgrid.de/entity/Q167885
Methusalem|m|Μαθουσαλα|||||||
Michael|m|Μιχαήλ||Μιχαὴλ|||||
Mnason|m|Μνάσων||||Μνάσωνί|||https://database.factgrid.de/entity/Q168010
Mose|m|Μωϋσῆς||Μωϋσῆς|Μωϋσέως|Μωϋσεῖ,Μωϋσῇ|Μωϋσέα,Μωϋσῆν||
Mother of the Wife of Simon-Peter|f||||||||https://database.factgrid.de/entity/Q168020
Mother of Zebedee’s children|f||||||||https://database.factgrid.de/entity/Q168021
Naasson, son of Amminadab|m|Ναασσων|||||||https://database.factgrid.de/entity/Q168035
Nachor|m|Ναχωρ|||||||
Nagge, son of Maath|m|Ναγγαι|||||||https://database.factgrid.de/entity/Q168044
Nahum|m|Ναούμ|||Ναοὺμ||||
Naiman|m|Ναιμαν|||||||
Naphtali|m|Νεφθαλίμ|||Νεφθαλὶμ||||
Narcissus|m|Νάρκισσος|||Ναρκίσσου||||https://database.factgrid.de/entity/Q168066
Nathan, son of David and Bathsheba|m|Ναθάμ|||Ναθὰμ||||https://database.factgrid.de/entity/Q168067
Nathanael, disciple of Jesus of Nazareth|m|Ναθαναὴλ|αθαναηλ,ναθαηλ|Ναθαναὴλ|||Ναθαναὴλ||https://database.factgrid.de/entity/Q168073
Naum, son of Esli|m|Ναούμ|||||||https://database.factgrid.de/entity/Q168075
Nereus|m|Νηρεύς|||||Νηρέα||https://database.factgrid.de/entity/Q168105
Neri, son of Melchi|m|Νηρί|||Νηρὶ||||https://database.factgrid.de/entity/Q168108
Nicanor|m|Νικάνωρ|||||Νικάνορα||https://database.factgrid.de/entity/Q168126
Nicodemus|m|Νικόδημος|νικοδημος,νικωδιμος,νηκοδημος,νικοδημοσ,νικωδης,εικοδημος,νεικοδημος,νικοδιμος|Νικόδημος|||||https://database.factgrid.de/entity/Q168127
Nicolas|m|Νικόλαος|||||||https://database.factgrid.de/entity/Q168128
Noah|m|Νῶε||Νῶε|Νῶε||Νῶε||
Nympha|f|Νυμφα|Νύμφης||Νυμφας,Νυμφης|Νύμφαν|||
Nymphas|m|Νυμφας|||Νυμφα|Νύμφαν|||
Octavianus Augustus|m|Καισαρος Αυγουστος|||||||https://database.factgrid.de/entity/Q166039
Olympas|m|Ὀλυμπᾶς|||||Ὀλυμπᾶν||https://database.factgrid.de/entity/Q168168
Onesimus|m|Ὀνήσιμος||||Ὀνησίμῳ|Ὀνήσιμον||https://database.factgrid.de/entity/Q168178
Onesiphorus|m|Ὀνησίφορος|||Ὀνησιφόρου||||https://database.factgrid.de/entity/Q168179
Parmenas|m|Παρμενᾶς|||||Παρμενᾶν||https://database.factgrid.de/entity/Q168205
Patrobas|m|Πατροβας|||||Πατροβᾶν||https://database.factgrid.de/entity/Q168222
Paul|m|Παῦλος|παυλωι|Παῦλος|Παύλου|Παύλῳ|Παῦλον|Παῦλε|https://database.factgrid.de/entity/Q167894
Persis|m|Περσίς|||||Περσίδα||https://database.factgrid.de/entity/Q168253
Peter|m|Πέτρος|πετρωι,πετρως|Πέτρος|Πέτρου|Πέτρῳ|Πέτρον|Πέτρε|
Phalek|m|φαλεκ|||||||
Phanuel|m|Φανουήλ|||Φανουήλ||||https://database.factgrid.de/entity/Q168266
Phares|m|Φαρες|||||||
Phebe|f|Φοιβη|||||||https://database.factgrid.de/entity/Q168283
Philemon|m|Φιλήμων||||Φιλήμονι|||https://database.factgrid.de/entity/Q168285
Philetus|m|Φίλητος||Φίλητος|||||https://database.factgrid.de/entity/Q168286
Philip|m|Φίλιππος||Φίλιππος|Φιλίππου|Φιλίππῳ|Φίλιππον|Φίλιππε|https://database.factgrid.de/entity/Q168290,https://database.factgrid.de/entity/Q168287,https://database.factgrid.de/entity/Q168288
Philologus|m|Φιλόλογος|||||Φιλόλογον||https://database.factgrid.de/entity/Q168291
Phlegon|m|Φλέγων|||||Φλέγοντα||https://database.factgrid.de/entity/Q168295
Phygellus|m|Φύγελος|||||||https://database.factgrid.de/entity/Q168299
Pontius Pilate|m|Πιλᾶτος|πειλατος,πιλατος,πιλατοσ,πηλατος|Πιλᾶτος|Πιλάτου|Πιλάτῳ|Πιλᾶτον||https://database.factgrid.de/entity/Q168308
Porcius Festus|m|Πόρκιος Φηστος|||||||https://database.factgrid.de/entity/Q168310
Prisca|f|Πρισκα|πρισκιλλα,πρισκυλαν,πρισκυλλαν,πρισκιλαν,πρισκαν,πρισκυλλα,πρισκυλα,πισκιλλαν,πρισκιλα,πρισκιλλαν,πρισκηλα,πρισκιλλα|Πρίσκα,Πρίσκιλλα|||πρισκιλλαν,Πρίσκαν||https://database.factgrid.de/entity/Q168313
Prochorus|m|Πρόχορος|||||Πρόχορον||https://database.factgrid.de/entity/Q168315
Publius|m|Πόπλιος|||Ποπλίου|Ποπλίῳ|||https://database.factgrid.de/entity/Q168320
Publius Sulpicius Quirinius|m|Συρος Κυρήνιος|||||||https://database.factgrid.de/entity/Q166360
Pudens|m|Πούδης||Πούδης|||||https://database.factgrid.de/entity/Q168321
Quartus|m|Κούαρτος||Κούαρτος|||||https://database.factgrid.de/entity/Q168325
Qurinius|m|Κυρηνιος|||||||
Rachab|f|Ραχαβ|ρακαβ,ρηχαβ,ραχααβ||||||https://database.factgrid.de/entity/Q168333
Rachel|f|Ῥαχὴλ|ραχηηλ,ραχιηλ,ραχιλ|Ῥαχὴλ|||||
Ragau|m|Ραγαυ|||||||
Rebecca|f|Ῥεβέκκα|ρεβεκκαν,ρεβεκα,ρεββεκα,ρεβεκκας|Ῥεβέκκα|||||
Rehabeam|m|Ροβοαμ|||||||
Rhesa, son of Zorobabel|m|Ῥησά|||Ῥησά||||
Rhoda|f|Ῥόδη|ρωδη|Ῥόδη|||||https://database.factgrid.de/entity/Q168393
Ruben|m|Ρουβην|||||||
Rufus|m|Ῥοῦφος|||Ῥούφου||Ῥοῦφον||https://database.factgrid.de/entity/Q168404,https://database.factgrid.de/entity/Q168403
Ruth|m|Ῥούθ|||Ῥούθ||||
Sadoc, son of Azor|m|Σαδωκ|||||||https://database.factgrid.de/entity/Q168412
Salome|f|Σαλώμη|σαλομη,σαλωνη,σαλο|Σαλώμη|||||https://database.factgrid.de/entity/Q168425,https://database.factgrid.de/entity/Q166377
Samuel|m|Σαμουήλ|||Σαμουήλ||||
Sapphira|f|Σάπφειρα|Σάπφιρα,σαπφηρι,σαμφιρη,σαπφειρη,σαπφηρη,σαφφιρα,σαφφιρη,σαμφειρει,σαμφειρη,σαπφειρι,σαμφειρα,σαπφηρει,σαφφυρα,σαμπφηρα|||Σαπφίρῃ|||https://database.factgrid.de/entity/Q168433
Saul|m|Σαοὺλ|||||Σαοὺλ|Σαοὺλ|
Sceva|m|Σκευᾶς|||Σκευᾶ||||https://database.factgrid.de/entity/Q168446
Secundus|m|Σεκοῦνδος||Σεκοῦνδος|||||https://database.factgrid.de/entity/Q168448
Sem|m|Σημ|||||||
Semei, son of Joseph|m|Σεμεϊν|||Σεμεῒν||||https://database.factgrid.de/entity/Q168455
Sergius Paulus|m|Σέργιος Πα'υλος|||||||https://database.factgrid.de/entity/Q168469
Seruch|m|Σερουχ|||||||
Seth|m|Σήθ|||Σὴθ||||
Shealtiel, son of Jehoiachin (so 1 Chronicles) or Neri (so Luke)|m|Σαλαθιηλ|||||||https://database.factgrid.de/entity/Q168416
Silas|m|Σιλᾶς|σειλα|Σιλᾶς||σιλα|σιλαν||https://database.factgrid.de/entity/Q168747
Silvanus|m|Σιλουανός||Σιλουανός|Σιλουανοῦ||||
Simaias|m|Σιμαιας|||||||
Simeon|m|Συμεών||Συμεὼν|Συμεὼν||||https://database.factgrid.de/entity/Q168750,https://database.factgrid.de/entity/Q168751
Simon|m|Σιμων|Κηφᾶς||Σίμωνος|Σίμωνι|Σίμωνα,Σίμωνά||https://database.factgrid.de/entity/Q168755,https://database.factgrid.de/entity/Q168758,https://database.factgrid.de/entity/Q168129,https://database.factgrid.de/entity/Q168756,https://database.factgrid.de/entity/Q168754,https://database.factgrid.de/entity/Q166310,https://database.factgrid.de/entity/Q168762,https://database.factgrid.de/entity/Q168757
Simson|m|Σαμψων|||||||
Solomon|m|Σολομῶν||Σολομῶν|Σολομῶντος||||
Sopater|m|Σώπατρος||Σώπατρος|||||https://database.factgrid.de/entity/Q168780
Sosthenes|m|Σωθένης||Σωσθένης|||Σωσθένην||https://database.factgrid.de/entity/Q168783
Stachys|m|Σταχυς||||στάχυϊ|στάχυν||https://database.factgrid.de/entity/Q168785
Stephanas|m|Στεφανᾶς|||Στεφανᾶ||||https://database.factgrid.de/entity/Q168786
Stephen|m|Στέφανος||στέφανός|||στέφανόν|στέφανός|https://database.factgrid.de/entity/Q168787
Susanna|f|Σουσάννα|σωσαννα|Σουσάννα|||||https://database.factgrid.de/entity/Q168789
Syntyche|f|Συντύχη|συντοιχην,συντυχιαν,συντυχιν||||Συντύχην||https://database.factgrid.de/entity/Q168792
Tabitha|f|Ταβιθά|θαβιθα,ταβηθα,βιθα|Ταβιθά||||Ταβιθά|https://database.factgrid.de/entity/Q166421
Tertius|m|Τέρτιος||Τέρτιος|||||https://database.factgrid.de/entity/Q168831
Tertullus|m|Τέρτουλλος|Τέρτυλλος||Τερτύλλου||||https://database.factgrid.de/entity/Q168832
Thaddaeus (Lebbaeus), disciple of Jesus of Nazareth|m|Θαδδαῖος||Θαδδαῖος|||Θαδδαῖον||
Thamar|m|Θαμαρ|||||||
Theophilus|m|Θεόφιλος||||||Θεόφιλε|https://database.factgrid.de/entity/Q168840
Theudas|m|Θευδᾶς||Θευδᾶς|||||https://database.factgrid.de/entity/Q168841
thief (1) crucified with Jesus of Nazareth (evtl. Gestas)|m||||||||https://database.factgrid.de/entity/Q169776
thief (2) crucified with Jesus of Nazareth|m||||||||https://database.factgrid.de/entity/Q169777
Thomas (Didymus), disciple of Jesus of Nazareth|m|Θωμᾶς|θωμασ|Θωμᾶς||Θωμᾷ|Θωμᾶν||https://database.factgrid.de/entity/Q166406
Tiberius|m|Τιβέριος|||Τιβερίου||||https://database.factgrid.de/entity/Q168843
Timaeus|m|Τιμαῖος|||Τιμαίου||||https://database.factgrid.de/entity/Q168852
Timon|m|Τίμων|||||Τίμωνα||https://database.factgrid.de/entity/Q168856
Timothy, son of Eunice|m|Τιμόθεος||Τιμόθεος|Τιμοθέου|Τιμοθέῳ|Τιμόθεον|Τιμόθεε|https://database.factgrid.de/entity/Q168857
Titus|m|Τίτος||Τίτος|Τίτου|Τίτῳ|Τίτον||https://database.factgrid.de/entity/Q168863
Trophimus|m|Τρόφιμος||Τρόφιμος|||Τρόφιμον||https://database.factgrid.de/entity/Q168876
Tryphaena|m|Τρύφαινα|||||Τρύφαιναν||https://database.factgrid.de/entity/Q168877
Tryphosa|m|Τρυφῶσα|||||Τρυφῶσαν||https://database.factgrid.de/entity/Q168878
Tychicus|m|Τυχικός||Τυχικὸς|||Τυχικόν,Τυχικὸν||https://database.factgrid.de/entity/Q168881
Tyrannus|m|Τύραννος|||Τυράννου||||https://database.factgrid.de/entity/Q168882
Urbanus|m|Οὐρβανός|||||Οὐρβανὸν||https://database.factgrid.de/entity/Q168891
Uria|m|Οὐρίας|||Οὐρίου||||
Wife of Caiaphas|f||||||||https://database.factgrid.de/entity/Q168942
Wife of Simon-Peter|f||||||||https://database.factgrid.de/entity/Q168946
Woman of Nein who lived a sinful life|f||||||||https://database.factgrid.de/entity/Q636485
Zacchaeus|m|Ζακχαῖος||Ζακχαῖος||||Ζακχαῖε|https://database.factgrid.de/entity/Q168967
Zacharias|m|Ζαχαρίας|||||||https://database.factgrid.de/entity/Q168977
Zebaoth|m|Σαβαωθ|||||||
Zebedee|m|Ζεβεδαῖος|||Ζεβεδαίου||Ζεβεδαῖον||https://database.factgrid.de/entity/Q169008
Zenas|m|Ζηνᾶς|||||ζηνᾶν||https://database.factgrid.de/entity/Q169052
Zeno|m|Ζηνων|||||||
Zerah, son of Judah and Tamar|m|Ζάρα|||||Ζάρα||https://database.factgrid.de/entity/Q168992
Zeus|m|Ζευς|||Διὸς||Δία||
Zorobabel|m|Ζοροβαβελ|||||||https://database.factgrid.de/entity/Q169129
Preiscas|m|πρεισκας|πρεισκαν||||||